customer_state,EPS_rank,EPS_score,tier,dominant_driver,weakest_component,risk_penalty_pct,data_sparse,pg_saturated,high_lc_flag,shap_dominant_feature,shap_alignment_verdict,shap_alignment_score,narrative_brief,narrative_full
SP,1,99.99999964195383,TOP,PD,PG,7.091461674169958,False,True,False,unique_sellers,HIGH,0.847,"SP ranks #1 with a perfect EPS of 100.0/100, driven by maximum Predicted Demand (45.2% of OPP) and Growth Potential (39.4%). High SHAP alignment (0.847) validates this rank via the unique_sellers driver. Action: Prioritize SP as the primary e-commerce market.","SP ranks #1 out of 27 states with a top EPS of 100.0/100 (OPP: 0.6498), leading runner-up AM by 43.6 points. This leadership is highly stable, driven by Predicted Demand (45.2% of OPP, norm=1.000) and Growth Potential (39.4% of OPP, norm=1.000), offsetting a saturated Penetration Gap (0.0%). A 7.1% logistics cost penalty (LC_norm=0.355) marginally reduced the score. The Random Forest model confirms this ranking with a HIGH SHAP alignment score of 0.847, where the unique_sellers feature corroborates SP's massive demand signal. SP outpaces AM because its PD contribution exceeds AM’s by 0.192. Action: Aggressively scale operations in SP as the primary national hub."
AM,2,56.39225017883541,TOP,PG,MMI,5.857266247987761,False,False,False,unique_sellers,MEDIUM,0.7383,"AM ranks #2 (EPS 56.4/100), driven by a high Penetration Gap (56.1% of OPP) offsetting a 5.9% logistics penalty. This rank is fragile, leading RN by only 1.7 points. Action: Prioritize expansion to capture the gap while monitoring unique seller metrics due to medium model alignment.","Amazonas ranks #2 with an EPS of 56.4/100, driven by a dominant Penetration Gap (56.1% of OPP, norm=0.957). While logistics costs impose a 5.9% penalty, AM's position is highly fragile, leading RN by just 1.7 points and trailing SP by 43.6 points. AM outpaces RN primarily because its PG contribution is 0.200 higher, though it falls behind SP due to lower predicted demand. Data quality is strong with no sparse data flags. Random Forest evaluation shows medium alignment (0.738) with unique_sellers as the dominant driver, signaling partial consistency and some divergence in the PG component. Action: Aggressively target the penetration gap to secure this #2 spot, but validate local unique seller capacity to address the divergence identified by the machine learning model."
RN,3,54.716767568611445,TOP,GP,PG,13.590714218970959,False,False,False,unique_sellers,HIGH,0.8262,"RN ranks #3 (EPS 54.7/100), driven by strong Growth Potential (37.8% of opportunity), though penalized 13.6% by logistics risk. High SHAP alignment (0.826) validates this rank, driven by seller activity. Action: Address the weak Penetration Gap (15.8%) to overtake AM at #2.","RN ranks #3 out of 27 with an EPS of 54.7/100, driven primarily by strong Growth Potential (37.8% of opportunity) and Market Momentum. However, a 13.6% logistics risk penalty and a weak Penetration Gap (15.8% contribution) cap its score. The Random Forest model shows HIGH alignment (0.826), confirming this ranking as unique seller metrics support the growth signal. RN’s #3 position is fragile, trailing AM (#2) by 1.7 points due to lower penetration. Conversely, RN leads MS (#4) by 10.8 points, powered by its momentum advantage. To secure the #2 spot, action should target expanding market penetration; a 0.10 improvement in its normalized penetration gap would boost the EPS by 9.3 points, overtaking AM."
MS,4,43.88108543866653,TOP,GP,MMI,10.485861570848282,False,False,False,unique_sellers,MEDIUM,0.7613,"Ranked #4 with an EPS of 43.9/100, MS's high-priority status is driven by strong Growth Potential (40.8% of OPP) but capped by weak Market Momentum (4.3%) and a 10.5% logistics penalty. RF models show medium alignment (0.761), validating the rank through unique seller dynamics.","MS ranks #4 with an EPS of 43.9/100, though its position is fragile, leading MT by only 0.1 points. The primary driver is Growth Potential (norm=0.796, 40.8% of OPP), well above the 0.703 median. However, performance is hindered by weak Market Momentum (norm=0.143) and a 10.5% logistics risk penalty. A 0.10 improvement in MMI norm would boost EPS by ~4.8 points. Random Forest alignment is medium (0.761); while it confirms unique_sellers as the dominant driver, it suggests divergence in growth signals. Action: Secure MS's position against MT by expanding local seller diversity to stimulate momentum."
MT,5,43.74378805804349,TOP,GP,MMI,12.717025336602791,False,False,False,category_diversity,MEDIUM,0.7296,"MT ranks #5 with an EPS of 43.7/100. Its strong Growth Potential (41.7% contribution) is penalized 12.7% by logistics risk. Zero Market Momentum leaves its rank fragile. RF alignment is medium (0.730), highlighting category diversity. Action: Target high-growth niches to secure this position.","MT ranks #5 (EPS 43.7/100), signaling a high-priority but fragile market. The primary driver is Growth Potential (41.7% contribution, norm=0.832), but zero Market Momentum causes MT to trail MS (#4) by 0.1 points. Logistics risk (LC_norm=0.636) penalizes the score by 12.7%. No data sparsity flags are active, ensuring reliable metrics. Random Forest alignment is medium (0.730), identifying category_diversity as the dominant predictor but indicating the model captures growth signals beyond the EPS formula. Action: Protect this position against AL (#6, leading by 0.9) by expanding category diversity. A 0.10 improvement in normalized momentum would lift EPS by 4.7 points, securing rank #4."
AL,6,42.89104097971158,HIGH,GP,MMI,13.97875399326442,False,False,False,unique_sellers,MEDIUM,0.7868,"AL ranks #6 (EPS 42.9/100), driven by Growth Potential (34.9%) but penalized 14.0% by logistics. SHAP alignment is medium, validating the rank via seller concentration ('unique_sellers'). Action: Target market penetration and optimize logistics to protect this fragile rank.","AL ranks #6 (EPS 42.9/100, OPP 0.5164), driven by Growth Potential (34.9% of OPP, norm=0.703) and Penetration Gap (33.7%), but penalized 14.0% by logistics costs (LC_norm=0.699). This rank is fragile: AL trails MT by 0.9 points due to lower GP contribution, but leads RS by 2.2 points because PG contribution exceeds RS by 0.086. Random Forest shows medium alignment (0.787), identifying 'unique_sellers' as the dominant driver, though some GP divergence suggests unmapped market signals. Action: Invest in targeted penetration campaigns while actively optimizing logistics to mitigate the 14.0% risk penalty."
RS,7,40.66672533373381,HIGH,GP,MMI,11.543202865145155,False,False,False,unique_sellers,MEDIUM,0.7561,"RS ranks #7 (EPS 40.7/100), driven by strong Growth Potential (44.7% contribution) but penalized 11.5% for logistics. This position is fragile, leading PA by only 0.1 points. SHAP alignment is medium (0.756), reflecting model divergence in GP.","RS ranks #7 with an EPS of 40.7/100 (OPP: 0.4952). Growth Potential is the dominant driver (GP norm 0.864; 44.7% contribution), offset by a weak Market Momentum (norm 0.278) and an 11.5% logistics risk penalty. This position is fragile: RS trails AL by 2.2 points due to a lower PG contribution (0.088 vs 0.174), and leads PA by just 0.1 points. SHAP alignment is Medium (0.756); while 'unique_sellers' is the dominant RF predictor, model divergence in GP suggests additional captured signals. Action: Prioritize merchant acquisition. Improving MMI_norm by 0.10 would boost EPS by ~4.8 points, rising RS to rank #4."
PA,8,40.56866731517976,HIGH,PG,MMI,12.425819770278762,False,False,False,unique_sellers,MEDIUM,0.7883,"PA ranks #8 with a 40.6 EPS, driven by its 32.9% Penetration Gap contribution but penalized 12.4% by logistics risk. This fragile position trails RS by 0.1 points. Action: Target the high penetration gap and optimize logistics to secure and improve PA's ranking.","PA ranks #8 (EPS: 40.6/100), driven primarily by its Penetration Gap (32.9% of OPP, norm=0.548). However, high logistics costs (norm=0.621) impose a 12.4% risk penalty. PA's rank is fragile, trailing RS by 0.1 points due to a lower GP contribution (0.164 vs 0.221). SHAP alignment is MEDIUM (0.788); while unique_sellers is the dominant RF predictor, divergence in the GP component suggests the model captures signals beyond the EPS formula. Action: Capitalize on the penetration gap and optimize logistics to secure the position. A minor 0.10 improvement in Market Momentum would boost EPS by 4.7 points, lifting PA to rank #4."
PR,9,37.93603711523386,HIGH,GP,MMI,11.119777750101395,False,False,False,unique_sellers,MEDIUM,0.7592,"PR ranks #9 with a fragile EPS of 37.9/100, driven by high growth potential (44.7% of opportunity) but penalized 11.1% by logistics risk. To secure its position, PR must address low market momentum and leverage its strong seller base.","PR ranks #9 (EPS 37.9/100), a fragile position trailing PA by 2.6 points and leading RJ by 1.0. Strong growth potential (norm 0.846) drives 44.7% of PR's opportunity, though logistics risk penalizes the final score by 11.1%. Random Forest models show medium alignment (0.759), confirming 'unique_sellers' as the primary predictor but highlighting divergence in growth dynamics. PR falls behind PA due to a lower penetration contribution (by 0.072). To advance, PR must target its weak market momentum (norm 0.115); a 0.10 MMI improvement boosts EPS by ~4.8 points, elevating PR to rank #7. Prioritize expanding local merchant engagement."
RJ,10,36.98332782769893,HIGH,GP,PG,10.133658817917723,False,False,False,unique_sellers,MEDIUM,0.7881,"RJ ranks #10 with an EPS of 37.0/100. Strong Growth Potential (norm 0.883) drives the opportunity, but a weak Penetration Gap (norm 0.127) and 10.1% logistics penalty drag it down. Action: Target local penetration to unlock significant latent demand.","RJ ranks #10 with an EPS of 37.0/100. Its score is driven by strong Growth Potential (norm 0.883, contributing 47.5% of pre-risk opportunity), but held back by a weak Penetration Gap (norm 0.127) and a 10.1% logistics risk penalty. RJ's rank is fragile, trailing PR by 1.0 point. Random Forest SHAP alignment is MEDIUM (0.788), showing partial consistency where 'unique_sellers' is the dominant predictor, though the model flags divergence in Growth Potential. What-if analysis reveals that improving RJ's PG_norm by 0.10 would boost EPS by ~9.7 points, elevating its rank to #4. Action: Focus on expanding seller diversity and local market penetration to capture this high-growth upside."
MA,11,36.96276391987671,MID,PG,MMI,13.94315087325867,False,False,False,unique_sellers,MEDIUM,0.7623,"MA ranks #11 (EPS 37.0/100), driven by a strong Penetration Gap (38.4% of opportunity). However, a 13.9% logistics risk penalty and weak market momentum (MMI norm 0.180) limit its score. Action: Target the high-potential penetration gap while optimizing regional supply chain networks.","MA ranks #11 (EPS 37.0/100), primarily driven by its strong Penetration Gap (38.4% of opportunity, norm 0.636 vs 0.431 median). However, a 13.9% logistics penalty (norm 0.697) and weak Market Momentum (norm 0.180) hinder its score. This rank is fragile: MA trails RJ (#10) by 0.0 points due to lower demand contribution, but leads SC (#12) because its Penetration Gap contribution is 0.120 higher. Our machine learning model shows MEDIUM alignment (0.762 score), validating unique_sellers as the top predictor but indicating divergence in Growth Potential signals. Action: Prioritize MA’s penetration gap and optimize regional logistics. Improving Market Momentum by 0.10 would elevate EPS by 4.6 points to rank #7."
SC,12,36.71619748546358,MID,GP,MMI,11.043698348919479,False,False,False,unique_sellers,MEDIUM,0.7665,"Santa Catarina (SC) ranks #12 with an EPS of 36.7, driven by strong growth potential (GP: 46.0% of OPP) but limited by a low penetration gap (14.7%). Logistics costs penalize the score by 11.0%. Action: Focus on expansion to bridge the penetration gap and boost market momentum.","SC ranks #12 (EPS 36.7/100), holding a fragile 1.0-point lead over CE and trailing MA by 0.2. SC's primary driver is Growth Potential (46.0% of OPP, norm 0.863), offset by a weak Market Momentum (11.9%) and an 11.0% logistics penalty. SHAP alignment is MEDIUM (0.766), indicating partial consistency as the RF model's top predictor (unique_sellers) diverges slightly from the GP component. Contrastive analysis shows SC lags MA due to a lower Penetration Gap contribution by 0.120. If SC’s Market Momentum norm improved by 0.10, EPS would rise by 4.8 points, boosting its rank to #7. Action: Leverage the local seller network to expand penetration and capture momentum."
CE,13,35.67650524275872,MID,GP,MMI,15.783479771108045,False,False,True,category_diversity,MEDIUM,0.7814,"CE ranks #13 with an EPS of 35.7/100, driven by Growth Potential (34.7% of opportunity) but penalized 15.8% by high logistics costs. With medium ML alignment, stabilizing this fragile rank requires mitigating logistics risks and improving Market Momentum to unlock a potential rise to rank #9.","CE ranks #13 with an EPS of 35.7/100, driven by Growth Potential (34.7% of opportunity) but penalized 15.8% by high logistics costs. This mid-tier rank is fragile: CE trails SC (#12) because its Growth Potential contribution is 0.046 lower, but leads AC (#14) because its GP exceeds AC’s by 0.056. The machine learning model shows medium alignment (0.781), confirming category diversity as the dominant predictor but highlighting some GP divergence. To secure this position and target rank #9, we must mitigate logistics risks and boost Market Momentum; a 0.10 improvement in momentum yields a 4.5-point EPS lift."
AC,14,33.251061035287165,MID,PG,MMI,11.184567414528948,False,False,False,unique_sellers,MEDIUM,0.7824,"Acre (AC) ranks #14 with an EPS of 33.3/100, driven by a strong Penetration Gap (43.5% of OPP) but penalized 11.2% by logistics risk. To secure this fragile rank, action must focus on expanding local sellers to bridge the growth gap with Ceará.","Acre (AC) ranks #14 out of 27 with an EPS of 33.3/100. Its primary driver is a strong Penetration Gap at 43.5% of OPP (norm=0.681, exceeding the 0.431 national median), while Market Momentum remains weak at 9.4%. Logistics risk penalizes the score by 11.2%. This rank is highly fragile; AC trails Ceará (#13) by 2.4 points due to lower Growth Potential (0.118 vs 0.175). Random Forest SHAP alignment is medium (0.782), showing partial consistency as the model prioritizes 'unique_sellers' over the formula's Penetration Gap focus. To optimize, improving market momentum by 0.10 would raise EPS by 4.8 points, lifting AC to #9. Action: Focus on seller acquisition to align with model-identified drivers and secure AC's market position."
TO,15,33.148379927808854,MID,GP,MMI,13.886749797953698,False,False,False,unique_sellers,MEDIUM,0.7609,"TO ranks #15 with an EPS of 33.1/100. Growth Potential (40.1% contribution) drives opportunity, but a 13.9% logistics penalty reduces its score. SHAP alignment is medium, highlighting partial consistency with the dominant unique sellers feature.","Tocantins (TO) ranks #15 with a fragile EPS of 33.1/100, trailing AC by 0.1 points. Growth Potential (norm=0.758) is the dominant driver, contributing 40.1% to opportunity, but high logistics costs (norm=0.694) impose a 13.9% penalty. TO lags AC due to lower Penetration Gap contribution (0.132 vs 0.204), but stays ahead of DF due to superior Market Momentum. Increasing MMI by 0.10 would elevate TO to #10 (+4.6 points). SHAP alignment is MEDIUM (0.761); the Random Forest model highlights 'unique_sellers' as the primary driver, confirming the EPS ranking with minor divergence on Growth Potential. Action: Invest in local seller onboarding to mitigate logistics risk."
DF,16,31.68709315622949,MID,GP,MMI,9.713187138139352,False,False,False,unique_sellers,MEDIUM,0.7384,"DF ranks #16 with an EPS of 31.7/100, showing moderate opportunity. While Growth Potential is high (norm 0.816), extremely weak Market Momentum (norm 0.060) and a 9.7% logistics risk penalty drag it down. Action: Target localized marketing. RF alignment is medium, highlighting unique sellers.","DF ranks #16 of 27 states with a fragile EPS of 31.7/100 (OPP: 0.4574). Growth Potential is the dominant driver at 45.7% of OPP (norm: 0.816), but overall opportunity is suppressed by a 9.7% logistics risk penalty and very weak Market Momentum (norm: 0.060, contributing only 2.0%). DF's rank is fragile, trailing TO by 1.5 points due to a lower MMI contribution, but leading AP by 2.4 points. The Random Forest model shows medium alignment (score: 0.738), indicating partial consistency; its dominant feature, unique_sellers, validates DF's potential but signals some divergence in GP. Strategic action: Focus on expanding seller density to boost momentum. A 0.10 improvement in normalized momentum would lift EPS by 4.8 points, elevating DF to rank #13."
AP,17,29.251876017000185,MID,PG,MMI,6.260829719946454,True,False,False,unique_sellers,MEDIUM,0.7485,"AP ranks #17 with an EPS of 29.3/100, driven by a strong Penetration Gap (60.5% of opportunity) but restricted by sparse data. A 6.3% logistics penalty applies. Medium RF model alignment (0.749) validates the rank but indicates divergence, highlighting 'unique_sellers' as a key predictor.","AP ranks #17 (EPS 29.3/100), reflecting a fragile position trailing DF by 2.4 points. This score is heavily driven by a strong Penetration Gap contributing 60.5% of opportunity (norm 0.873 vs. 0.431 national median). However, growth is weak (GP norm 0.237 vs. 0.703 median), and logistics costs penalize the EPS by 6.3%. Critically, AP's sparse data quality requires cautious investment. The RF model shows medium alignment (0.749), validating the ranking but highlighting a divergence. While the EPS formula relies heavily on the penetration gap, the machine learning model identifies 'unique_sellers' as the dominant driver. Consequently, expansion plans should prioritize developing local merchant diversity to successfully unlock AP's latent market potential."
MG,18,27.42009135505016,MID,GP,PG,10.073473270955956,False,True,False,unique_sellers,MEDIUM,0.7828,"MG ranks #18 with a 27.4 EPS. While Growth Potential drives 52.2% of opportunity, a saturated Penetration Gap (1.9%) and 10.1% logistics penalty drag it down. RF alignment is MEDIUM, highlighting unique sellers. Action: Stimulate market momentum by 0.10 to lift EPS by 4.8 points.","Minas Gerais (MG) ranks #18 with a fragile EPS of 27.4/100, trailing AP by 1.8 points. High Growth Potential (norm=0.908) drives 52.2% of its pre-risk opportunity, but severe market saturation (Penetration Gap is 1.9%, norm=0.028) and a 10.1% logistics penalty drag it down. The Random Forest model shows MEDIUM alignment (0.783), identifying 'unique_sellers' as the primary predictor. This validates MG’s ranking but notes divergence in Growth Potential, hinting at unmodeled signals. To secure MG's fragile lead over RO (+0.3 pts), tactical intervention is needed. A what-if analysis reveals that boosting Market Momentum by 0.10 would increase EPS by ~4.8 points, elevating MG to rank #16. Focus on expanding market momentum to offset saturation."
RO,19,27.075925083512807,LOW,PG,MMI,14.99386425212665,False,False,True,unique_sellers,MEDIUM,0.7909,"RO ranks #19 with an EPS of 27.1/100, driven by its Penetration Gap (33.6%) but penalized 15.0% by high logistics costs. Medium SHAP alignment (0.791) confirms this fragile position. Action: Onboard local sellers to address logistics barriers and secure market share.","Rondônia (RO) holds a fragile #19 rank (EPS: 27.1/100), trailing MG by just 0.3 points. RO's primary driver is its Penetration Gap (33.6% of opportunity; norm=0.527), but its Growth Potential contribution lags MG by 0.078. High logistics costs (LC_norm=0.750) trigger a heavy 15.0% EPS penalty. The Random Forest model shows MEDIUM alignment (0.791) with EPS; 'unique_sellers' is the dominant predictor, confirming the importance of merchant density, though GP divergence suggests untapped market signals. What-If analysis indicates that a 0.10 improvement in Market Momentum would boost EPS by ~4.6 points, pushing RO to rank #17. Action: Mitigate logistics risk by establishing local distributor partnerships and recruiting regional sellers to close the penetration gap."
GO,20,25.738983588886267,LOW,GP,MMI,12.555570508255945,False,False,False,unique_sellers,MEDIUM,0.7646,Goiás ranks #20 with a fragile EPS of 25.7/100. Strong Growth Potential (norm 0.778) is offset by weak Market Momentum (norm 0.280) and a 12.6% logistics penalty. We must expand local seller networks to boost momentum and secure this vulnerable position.,"Goiás ranks #20 with a fragile EPS of 25.7/100, trailing Rondônia by 1.3 points due to a lower Penetration Gap contribution (0.091 vs 0.158). GO's primary strength is Growth Potential (norm 0.778, above the 0.703 median), but the score is suppressed by a 12.6% logistics risk penalty and low Market Momentum (norm 0.280). Random Forest SHAP analysis indicates MEDIUM alignment (0.765), with 'unique_sellers' as the dominant predictor. This divergence suggests the EPS formula may undervalue Growth Potential by overlooking seller-side dynamics. To improve, GO should focus on boosting Market Momentum; a 0.10 increase in MMI_norm would raise EPS by 4.7 points, elevating GO to rank #17. Action: Prioritize local seller recruitment to drive momentum."
SE,21,23.984958950631917,LOW,GP,PG,14.857926092637236,False,False,True,unique_sellers,HIGH,0.8023,"Sergipe (SE) ranks #21 with an EPS of 24.0/100. Strong Growth Potential (45.8% of OPP, norm=0.823) is severely offset by weak market penetration (12.0% of OPP) and a 14.9% logistics risk penalty. High SHAP alignment (0.802) validates this, suggesting focused local seller onboarding.","Sergipe (SE) ranks #21 of 27 with a fragile EPS of 24.0/100, trailing Goiás by 1.8 points. SE’s main driver is its high Growth Potential (norm=0.823, contributing 45.8% of OPP). However, the overall score is severely limited by a low Penetration Gap (norm=0.183, contributing just 12.0%) and a high 14.9% logistics risk penalty (LC norm=0.743). A high SHAP alignment score of 0.802 validates this ranking, with the dominant feature, unique_sellers, strongly supporting the growth potential signal. What-if analysis shows that improving the penetration gap by 0.10 would boost EPS by 9.1 points, lifting SE to rank #16. Strategic actions should focus on recruiting local merchants to bridge the penetration gap while optimizing delivery routes to mitigate high logistical costs."
PE,22,17.53735194857455,LOW,GP,MMI,15.431783347875308,False,False,True,unique_sellers,MEDIUM,0.7747,"PE ranks #22 with a low EPS of 17.5/100. Growth Potential (34.3%) drives opportunity, but a severe 15.4% logistics penalty suppresses its score. Machine learning indicates medium alignment, highlighting unique sellers as a key lever. Action: Resolve logistics bottlenecks and onboard local sellers.","PE ranks #22 with an EPS of 17.5/100, trailing SE by 6.4 points and leading BA by 4.3. While Growth Potential is PE's primary opportunity driver (34.3%), it falls below the national median, and high logistics costs (0.772) trigger a severe 15.4% EPS penalty. Market Momentum is the weakest driver at 9.7%. Improving momentum by 0.10 would raise EPS by 4.5 points but won't shift its rank. Random Forest models show medium alignment (0.775), identifying unique sellers as the dominant predictor but suggesting the model captures growth signals beyond the standard formula. Action: Mitigate the logistics penalty by optimizing regional distribution lanes, and recruit local merchants to boost market momentum."
BA,23,13.24668782202711,LOW,GP,MMI,12.26589022212613,False,False,False,unique_sellers,MEDIUM,0.751,"BA ranks #23 (EPS 13.2/100). Growth Potential is its strongest driver (36.1% of OPP), but a 12.3% logistics penalty and weak Market Momentum (5.5%) hold it back. SHAP alignment is medium (0.751), identifying unique sellers as key. Action: Build seller density.","BA ranks #23 out of 27 states with an EPS of 13.2/100 (OPP 0.4120). Growth Potential is its strongest driver (36.1% of OPP, norm=0.581), but overall score is constrained by its weakest component, Market Momentum (5.5% of OPP, norm=0.150), and a 12.3% logistics risk penalty. BA trails PE by 4.3 points due to lower MMI. The Random Forest model shows medium alignment (SHAP score 0.751) and highlights unique_sellers as the dominant predictor, suggesting some formulaic divergence in Growth Potential. Action: Prioritize local merchant acquisition to boost unique sellers and improve market momentum. Increasing MMI_norm by 0.10 would raise EPS by ~4.7 points, allowing BA to overtake PE for rank #22."
RR,24,7.0286548115176695,LOW,PG,PD,0.0,True,False,False,unique_sellers,MEDIUM,0.6778,"Roraima (RR) ranks #24 with a low EPS of 7.0/100, driven almost entirely by its Penetration Gap (87.2%). High data sparsity and medium model alignment suggest potential overranking on PG. We recommend monitoring with caution rather than immediate expansion.","Roraima (RR) ranks #24 of 27 states with a low EPS of 7.0/100. Its score is driven almost entirely by its Penetration Gap (87.2% of OPP), while Growth Potential and Predicted Demand contribute 0.0%. Due to data sparsity, this ranking is highly unstable. RR trails BA (#23) by 6.2 points because of zero growth, but leads PB (#25) by 3.9 points. Random Forest features like 'unique_sellers' show only MEDIUM alignment (0.678) with EPS. There is a critical misalignment on the PG component, where EPS weight is 0.87 but the RF model finds negligible signal (SHAP weight 0.24). This suggests RR is overranked on PG due to sparse data. We recommend holding on expansion and verifying local demand."
PB,25,3.1141287218600624,LOW,GP,PG,19.74465651838239,False,False,True,unique_sellers,HIGH,0.8431,"PB ranks #25 with an EPS of 3.1/100. Extreme logistics costs penalize the score by 19.7%, while a weak penetration gap remains its primary constraint. Although growth potential contributes 34.0%, we recommend holding major expansion efforts until logistics and penetration improve.","PB ranks #25 with a low EPS of 3.1/100. Growth Potential is the primary driver (34.0% of opportunity), but the score is heavily dragged down by a weak Penetration Gap (norm=0.144, contributing 10.4%) and a severe 19.7% logistics penalty (LC_norm=0.987). This ranking is fragile, leading ES by only 0.3 points. A high SHAP alignment score of 0.843 validates this ranking, with the RF model confirming the GP signal via the dominant 'unique_sellers' feature. What-if analysis reveals that improving PB's PG_norm by 0.10 would boost EPS by ~8.6 points to secure rank #24. For now, monitor logistics costs and defer active expansion."
ES,26,2.845739166540389,LOW,GP,MMI,11.399685616371947,False,False,False,unique_sellers,HIGH,0.8087,"Espírito Santo (ES) ranks #26 with a weak EPS of 2.8/100. Growth Potential drives 43.9% of opportunity, highly validated by seller volume models. However, low penetration and an 11.4% logistics penalty severely suppress scores. Action: De-prioritize active investment, focusing instead on reviving local market momentum.","Espírito Santo (ES) ranks #26 of 27 states with an EPS of 2.8/100, trailing Paraíba by just 0.3 points. Growth Potential is the primary driver (43.9%), backed by unique seller volume—a signal highly validated by our Random Forest model (80.9% alignment). However, ES is held back by extremely low penetration (0.157 vs. 0.431 national median) and weak Market Momentum (12.3% contribution), alongside an 11.4% logistics risk penalty. Contrastive analysis shows ES lags Paraíba due to lower momentum. Action: Maintain a defensive posture. However, targeted local marketing to improve market momentum by 0.10 would yield a 4.8-point EPS increase, lifting ES to rank #24."
PI,27,0.0,LOW,PG,MMI,19.999999995894058,False,False,True,unique_sellers,MEDIUM,0.7997,"PI ranks last (#27) with a 0.0/100 EPS, heavily penalized by a 20.0% logistics risk adjustment (LC_norm 1.000). Despite a strong Penetration Gap (34.4% of opportunity), weak momentum (norm 0.154) holds it back. Recommendation: Deprioritize expansion until logistics infrastructure improves.","PI ranks last (#27) with an EPS of 0.0/100, trailing ES (#26) by 2.8 points. A maximum logistics penalty of 20.0% (LC_norm 1.000) drags down its opportunity score (OPP 0.4056). While the Penetration Gap is the dominant driver (34.4%), Market Momentum is critically weak (norm 0.154 vs. 0.294 national median). If momentum improved by 0.10, EPS would rise by 4.3 points to rank #25. Random Forest SHAP alignment is MEDIUM (0.800); its dominant predictor, unique_sellers, confirms that seller scarcity limits Piauí's growth potential, partially diverging from the EPS Growth Potential component. Action: Hold expansion; prioritize seller acquisition and logistics partnerships before entering."
