Model,RMSE,MAE,WAPE(%),sMAPE(%),MASE,SS_RMSE,Train(s)
Linear Regression (Baseline),"  34,361 ± 27,119","   9,696 ± 7,741", 188.5%, 106.1%,2.022,+0.000,0.1
Ridge Regression,"  18,226 ± 13,393","   4,940 ± 1,511",  75.6%,  96.8%,0.834,+0.470,0.0
ElasticNet,"  18,005 ± 10,482","   4,927 ± 1,947",  73.4%,  88.3%,0.803,+0.476,0.0
Huber Regressor,"  13,129 ± 4,968","   4,394 ± 885",  69.0%,  91.8%,0.763,+0.618,0.6
Random Forest,"   6,456 ± 2,215","   2,552 ± 571",  39.7%,  72.7%,0.446,+0.812,3.0
Gradient Boosting,"   7,297 ± 2,695","   2,835 ± 772",  43.5%,  77.5%,0.493,+0.788,24.2
XGBoost,"   7,999 ± 2,275","   2,996 ± 692",  46.6%,  76.5%,0.526,+0.767,6.0
LightGBM,"   6,798 ± 2,416","   2,679 ± 683",  41.2%,  75.0%,0.463,+0.802,2.6
CatBoost,"   7,549 ± 2,453","   2,871 ± 720",  44.1%,  75.2%,0.496,+0.780,10.2
